men,women
Алексей,Анна
Антон,Ольга
Борис,Ирина
Вадим,Елена
Василий,Наталья
Виктор,Мария
Владимир,Дарья
Геннадий,Екатерина
Георгий,Светлана
Григорий,Марина
Даниил,Татьяна
Денис,Юлия
Дмитрий,Ксения
Евгений,Алина
Егор,Людмила
Иван,Виктория
Игорь,Анастасия
Илья,Валерия
Кирилл,Елизавета
Константин,Галина
Лев,Оксана
Максим,Тамара
Матвей,София
Михаил,Вера
Никита,Надежда
Николай,Любовь
Олег,Алёна
Павел,Инна
Петр,Римма
Роман,Ульяна
Семен,Зинаида
Сергей,Лариса
Станислав,Олеся
Степан,Инга
Тимофей,Эльвира
Федор,Снежана
Юрий,Раиса
Ярослав,Лилия
Ефим,Нина
Захар,Мила
Ильдар,Алла
Всеволод,Валентина
Леонид,Изольда
Марат,Полина
Назар,Ева
Оскар,Майя
Платон,Ангелина
Руслан,Белла
Святослав,Леся
Тарас,Таисия